precission,recall,f_score
0.8148648648648649,0.8108108108108109,"(0.8108108108108109, 0.809023569023569)"
